timestamp,signal_type,raw_value,threshold,event_label
2024-02-06 06:00:02,ACCELEROMETER,1.8g,1.5g,MODERATE_BRAKING
2024-02-06 06:00:02,AUDIO,62dB,80.0dB,SUSTAINED_NOISE
2024-02-06 06:00:04,ACCELEROMETER,2.2g,1.5g,MODERATE_BRAKING
2024-02-06 06:00:15,ACCELEROMETER,2.6g,2.5g,HARSH_BRAKING
2024-02-06 06:00:39,ACCELEROMETER,1.9g,1.5g,MODERATE_BRAKING
2024-02-06 06:00:58,AUDIO,96dB,90.0dB,ARGUMENT_DETECTED
2024-02-06 06:00:59,ACCELEROMETER,3.1g,2.5g,HARSH_BRAKING
2024-02-06 06:01:01,ACCELEROMETER,1.8g,1.5g,MODERATE_BRAKING
2024-02-06 06:01:03,ACCELEROMETER,2.4g,1.5g,MODERATE_BRAKING
2024-02-06 06:01:07,ACCELEROMETER,2.5g,1.5g,MODERATE_BRAKING
2024-02-06 06:01:18,ACCELEROMETER,2.5g,1.5g,MODERATE_BRAKING
2024-02-06 06:01:40,ACCELEROMETER,2.2g,1.5g,MODERATE_BRAKING
2024-02-06 06:01:40,AUDIO,88dB,90.0dB,ARGUMENT_DETECTED
2024-02-06 06:01:54,AUDIO,53dB,80.0dB,SUSTAINED_NOISE
2024-02-06 06:01:54,ACCELEROMETER,1.5g,1.5g,MODERATE_BRAKING
2024-02-06 06:02:01,ACCELEROMETER,3.4g,2.5g,HARSH_ACCELERATION
2024-02-06 06:02:02,ACCELEROMETER,1.8g,1.5g,MODERATE_BRAKING
2024-02-06 06:02:02,AUDIO,87dB,90.0dB,ARGUMENT_DETECTED
2024-02-06 06:02:06,ACCELEROMETER,2.3g,1.5g,MODERATE_BRAKING
2024-02-06 06:02:25,ACCELEROMETER,1.6g,1.5g,MODERATE_BRAKING
2024-02-06 06:02:25,AUDIO,53dB,80.0dB,SUSTAINED_NOISE
2024-02-06 06:02:27,ACCELEROMETER,1.9g,1.5g,MODERATE_BRAKING
2024-02-06 06:02:34,ACCELEROMETER,2.5g,1.5g,MODERATE_BRAKING
2024-02-06 06:02:41,ACCELEROMETER,1.6g,1.5g,MODERATE_BRAKING
2024-02-06 06:02:42,AUDIO,62dB,80.0dB,SUSTAINED_NOISE
2024-02-06 06:02:43,ACCELEROMETER,2.2g,1.5g,MODERATE_BRAKING
2024-02-06 06:02:44,ACCELEROMETER,2.5g,1.5g,MODERATE_BRAKING
2024-02-06 06:02:45,ACCELEROMETER,2.2g,1.5g,MODERATE_BRAKING
2024-02-06 06:02:47,ACCELEROMETER,2.4g,1.5g,MODERATE_BRAKING
2024-02-06 06:03:07,AUDIO,91dB,90.0dB,ARGUMENT_DETECTED
2024-02-06 06:03:07,ACCELEROMETER,2.1g,1.5g,MODERATE_BRAKING
2024-02-06 06:03:07,ACCELEROMETER,2.1g,1.5g,MODERATE_BRAKING
2024-02-06 06:03:21,AUDIO,86dB,90.0dB,ARGUMENT_DETECTED
2024-02-06 06:03:21,ACCELEROMETER,2.9g,2.5g,HARSH_BRAKING
2024-02-06 06:03:30,ACCELEROMETER,2.1g,1.5g,MODERATE_BRAKING
2024-02-06 06:03:54,ACCELEROMETER,2.0g,1.5g,MODERATE_BRAKING
2024-02-06 06:03:54,AUDIO,80dB,90.0dB,ARGUMENT_DETECTED
2024-02-06 06:04:03,ACCELEROMETER,4.5g,2.5g,HARSH_ACCELERATION
2024-02-06 06:04:15,AUDIO,76dB,80.0dB,SUSTAINED_NOISE
2024-02-06 06:04:15,ACCELEROMETER,2.2g,1.5g,MODERATE_BRAKING
2024-02-06 06:04:19,ACCELEROMETER,2.3g,1.5g,MODERATE_BRAKING
2024-02-06 06:04:31,ACCELEROMETER,2.5g,2.5g,HARSH_ACCELERATION
2024-02-06 06:04:33,ACCELEROMETER,5.5g,2.5g,HARSH_ACCELERATION
2024-02-06 06:04:43,ACCELEROMETER,2.3g,1.5g,MODERATE_BRAKING
2024-02-06 06:04:43,ACCELEROMETER,2.8g,2.5g,HARSH_ACCELERATION
2024-02-06 06:04:49,ACCELEROMETER,2.6g,2.5g,HARSH_BRAKING
2024-02-06 06:04:59,ACCELEROMETER,2.3g,1.5g,MODERATE_BRAKING
2024-02-06 06:05:01,ACCELEROMETER,3.3g,2.5g,HARSH_ACCELERATION
2024-02-06 06:05:16,ACCELEROMETER,3.0g,2.5g,HARSH_ACCELERATION
2024-02-06 06:05:16,AUDIO,86dB,90.0dB,ARGUMENT_DETECTED
2024-02-06 06:05:18,ACCELEROMETER,2.0g,1.5g,MODERATE_BRAKING
2024-02-06 06:05:21,ACCELEROMETER,1.9g,1.5g,MODERATE_BRAKING
2024-02-06 06:05:23,ACCELEROMETER,2.4g,1.5g,MODERATE_BRAKING
2024-02-06 06:05:48,ACCELEROMETER,2.3g,1.5g,MODERATE_BRAKING
2024-02-06 06:06:47,AUDIO,62dB,80.0dB,SUSTAINED_NOISE
2024-02-06 06:06:58,ACCELEROMETER,2.0g,1.5g,MODERATE_BRAKING
2024-02-06 06:07:18,ACCELEROMETER,2.4g,1.5g,MODERATE_BRAKING
2024-02-06 06:07:31,AUDIO,67dB,80.0dB,SUSTAINED_NOISE
2024-02-06 06:07:31,ACCELEROMETER,1.7g,1.5g,MODERATE_BRAKING
2024-02-06 06:07:34,ACCELEROMETER,2.2g,1.5g,MODERATE_BRAKING
2024-02-06 06:07:34,AUDIO,64dB,80.0dB,SUSTAINED_NOISE
2024-02-06 06:07:40,ACCELEROMETER,2.9g,2.5g,HARSH_BRAKING
2024-02-06 06:07:40,AUDIO,86dB,90.0dB,ARGUMENT_DETECTED
2024-02-06 06:07:42,ACCELEROMETER,2.4g,1.5g,MODERATE_BRAKING
2024-02-06 06:07:42,AUDIO,76dB,80.0dB,SUSTAINED_NOISE
2024-02-06 06:07:43,ACCELEROMETER,3.0g,2.5g,HARSH_ACCELERATION
2024-02-06 06:07:51,AUDIO,53dB,80.0dB,SUSTAINED_NOISE
2024-02-06 06:07:51,ACCELEROMETER,2.0g,1.5g,MODERATE_BRAKING
2024-02-06 06:07:54,AUDIO,84dB,90.0dB,ARGUMENT_DETECTED
2024-02-06 06:07:54,ACCELEROMETER,1.6g,1.5g,MODERATE_BRAKING
2024-02-06 06:08:00,ACCELEROMETER,2.0g,1.5g,MODERATE_BRAKING
2024-02-06 06:08:00,AUDIO,95dB,90.0dB,ARGUMENT_DETECTED
2024-02-06 06:08:04,ACCELEROMETER,3.0g,2.5g,HARSH_ACCELERATION
2024-02-06 06:08:09,ACCELEROMETER,1.5g,1.5g,MODERATE_BRAKING
2024-02-06 06:08:09,AUDIO,84dB,90.0dB,ARGUMENT_DETECTED
2024-02-06 06:08:09,AUDIO,62dB,80.0dB,SUSTAINED_NOISE
2024-02-06 06:08:09,ACCELEROMETER,1.8g,1.5g,MODERATE_BRAKING
2024-02-06 06:08:24,AUDIO,53dB,80.0dB,SUSTAINED_NOISE
2024-02-06 06:08:24,ACCELEROMETER,2.4g,1.5g,MODERATE_BRAKING
2024-02-06 06:08:30,ACCELEROMETER,2.3g,1.5g,MODERATE_BRAKING
2024-02-06 06:08:31,ACCELEROMETER,1.7g,1.5g,MODERATE_BRAKING
2024-02-06 06:08:39,ACCELEROMETER,2.7g,2.5g,HARSH_ACCELERATION
2024-02-06 06:09:07,AUDIO,62dB,80.0dB,SUSTAINED_NOISE
2024-02-06 06:09:07,ACCELEROMETER,2.4g,1.5g,MODERATE_BRAKING
2024-02-06 06:09:26,AUDIO,90dB,90.0dB,ARGUMENT_DETECTED
2024-02-06 06:09:26,ACCELEROMETER,1.6g,1.5g,MODERATE_BRAKING
2024-02-06 06:09:29,ACCELEROMETER,3.0g,2.5g,HARSH_BRAKING
2024-02-06 06:09:29,ACCELEROMETER,2.0g,1.5g,MODERATE_BRAKING
2024-02-06 06:09:29,AUDIO,95dB,90.0dB,ARGUMENT_DETECTED
2024-02-06 06:09:29,AUDIO,75dB,80.0dB,SUSTAINED_NOISE
2024-02-06 06:09:40,ACCELEROMETER,2.6g,2.5g,HARSH_ACCELERATION
2024-02-06 06:09:50,ACCELEROMETER,2.1g,1.5g,MODERATE_BRAKING
2024-02-06 06:09:59,ACCELEROMETER,1.9g,1.5g,MODERATE_BRAKING
2024-02-06 06:09:59,AUDIO,75dB,80.0dB,SUSTAINED_NOISE
2024-02-06 06:10:00,ACCELEROMETER,1.7g,1.5g,MODERATE_BRAKING
2024-02-06 06:10:00,AUDIO,75dB,80.0dB,SUSTAINED_NOISE
2024-02-06 06:10:03,AUDIO,58dB,80.0dB,SUSTAINED_NOISE
2024-02-06 06:10:03,ACCELEROMETER,4.3g,2.5g,HARSH_ACCELERATION
2024-02-06 06:10:17,ACCELEROMETER,2.6g,2.5g,HARSH_ACCELERATION
2024-02-06 06:10:19,ACCELEROMETER,3.0g,2.5g,HARSH_ACCELERATION
2024-02-06 06:10:29,ACCELEROMETER,2.2g,1.5g,MODERATE_BRAKING
2024-02-06 06:10:33,ACCELEROMETER,4.2g,2.5g,HARSH_BRAKING
2024-02-06 06:10:33,AUDIO,58dB,80.0dB,SUSTAINED_NOISE
2024-02-06 06:10:34,ACCELEROMETER,2.1g,1.5g,MODERATE_BRAKING
2024-02-06 06:10:59,ACCELEROMETER,1.7g,1.5g,MODERATE_BRAKING
2024-02-06 06:10:59,AUDIO,67dB,80.0dB,SUSTAINED_NOISE
2024-02-06 06:11:01,ACCELEROMETER,2.0g,1.5g,MODERATE_BRAKING
2024-02-06 06:11:09,ACCELEROMETER,2.5g,1.5g,MODERATE_BRAKING
2024-02-06 06:11:16,ACCELEROMETER,2.4g,1.5g,MODERATE_BRAKING
2024-02-06 06:11:17,ACCELEROMETER,2.4g,1.5g,MODERATE_BRAKING
2024-02-06 06:11:19,ACCELEROMETER,2.9g,2.5g,HARSH_ACCELERATION
2024-02-06 06:11:42,ACCELEROMETER,1.6g,1.5g,MODERATE_BRAKING
2024-02-06 06:11:58,AUDIO,90dB,90.0dB,ARGUMENT_DETECTED
2024-02-06 06:12:00,ACCELEROMETER,2.2g,1.5g,MODERATE_BRAKING
2024-02-06 06:12:00,AUDIO,86dB,90.0dB,ARGUMENT_DETECTED
2024-02-06 06:12:02,ACCELEROMETER,2.4g,1.5g,MODERATE_BRAKING
2024-02-06 06:12:26,ACCELEROMETER,2.9g,2.5g,HARSH_ACCELERATION
2024-02-06 06:12:38,ACCELEROMETER,2.3g,1.5g,MODERATE_BRAKING
2024-02-06 06:12:48,ACCELEROMETER,2.1g,1.5g,MODERATE_BRAKING
2024-02-06 06:13:00,ACCELEROMETER,1.8g,1.5g,MODERATE_BRAKING
2024-02-06 06:13:03,ACCELEROMETER,2.5g,2.5g,HARSH_ACCELERATION
2024-02-06 06:13:04,ACCELEROMETER,1.7g,1.5g,MODERATE_BRAKING
2024-02-06 06:13:11,ACCELEROMETER,2.0g,1.5g,MODERATE_BRAKING
2024-02-06 06:13:36,ACCELEROMETER,2.1g,1.5g,MODERATE_BRAKING
2024-02-06 06:13:44,ACCELEROMETER,2.8g,2.5g,HARSH_BRAKING
2024-02-06 06:13:48,ACCELEROMETER,2.8g,2.5g,HARSH_ACCELERATION
2024-02-06 06:14:26,ACCELEROMETER,3.1g,2.5g,HARSH_ACCELERATION
2024-02-06 06:14:26,AUDIO,93dB,90.0dB,ARGUMENT_DETECTED
2024-02-06 06:14:26,ACCELEROMETER,3.1g,2.5g,HARSH_ACCELERATION
2024-02-06 06:14:44,ACCELEROMETER,2.7g,2.5g,HARSH_BRAKING
2024-02-06 06:14:44,AUDIO,93dB,90.0dB,ARGUMENT_DETECTED
2024-02-06 06:15:00,ACCELEROMETER,1.7g,1.5g,MODERATE_BRAKING
2024-02-06 06:15:00,AUDIO,90dB,90.0dB,ARGUMENT_DETECTED
2024-02-06 06:15:02,AUDIO,68dB,80.0dB,SUSTAINED_NOISE
2024-02-06 06:15:02,ACCELEROMETER,1.9g,1.5g,MODERATE_BRAKING
2024-02-06 06:15:05,AUDIO,83dB,90.0dB,ARGUMENT_DETECTED
2024-02-06 06:15:05,ACCELEROMETER,2.4g,1.5g,MODERATE_BRAKING
2024-02-06 06:15:29,ACCELEROMETER,1.7g,1.5g,MODERATE_BRAKING
2024-02-06 06:15:42,ACCELEROMETER,3.1g,2.5g,HARSH_ACCELERATION
2024-02-06 06:15:44,ACCELEROMETER,2.3g,1.5g,MODERATE_BRAKING
2024-02-06 06:15:46,ACCELEROMETER,2.0g,1.5g,MODERATE_BRAKING
2024-02-06 06:15:48,ACCELEROMETER,1.7g,1.5g,MODERATE_BRAKING
2024-02-06 06:15:51,ACCELEROMETER,3.1g,2.5g,HARSH_ACCELERATION
2024-02-06 06:15:56,ACCELEROMETER,3.1g,2.5g,HARSH_ACCELERATION
2024-02-06 06:15:56,AUDIO,71dB,80.0dB,SUSTAINED_NOISE
2024-02-06 06:15:59,ACCELEROMETER,2.2g,1.5g,MODERATE_BRAKING
2024-02-06 06:15:59,AUDIO,93dB,90.0dB,ARGUMENT_DETECTED
2024-02-06 06:15:59,ACCELEROMETER,2.1g,1.5g,MODERATE_BRAKING
2024-02-06 06:16:08,ACCELEROMETER,2.1g,1.5g,MODERATE_BRAKING
2024-02-06 06:16:11,ACCELEROMETER,1.8g,1.5g,MODERATE_BRAKING
2024-02-06 06:16:11,AUDIO,90dB,90.0dB,ARGUMENT_DETECTED
2024-02-06 06:16:44,ACCELEROMETER,1.7g,1.5g,MODERATE_BRAKING
2024-02-06 06:16:51,ACCELEROMETER,2.2g,1.5g,MODERATE_BRAKING
2024-02-06 06:17:03,ACCELEROMETER,2.1g,1.5g,MODERATE_BRAKING
2024-02-06 06:17:11,AUDIO,71dB,80.0dB,SUSTAINED_NOISE
2024-02-06 06:17:11,ACCELEROMETER,1.7g,1.5g,MODERATE_BRAKING
2024-02-06 06:17:14,ACCELEROMETER,1.5g,1.5g,MODERATE_BRAKING
2024-02-06 06:17:19,AUDIO,81dB,90.0dB,ARGUMENT_DETECTED
2024-02-06 06:17:19,ACCELEROMETER,2.7g,2.5g,HARSH_ACCELERATION
2024-02-06 06:17:19,ACCELEROMETER,1.8g,1.5g,MODERATE_BRAKING
2024-02-06 06:17:22,ACCELEROMETER,1.6g,1.5g,MODERATE_BRAKING
2024-02-06 06:17:27,ACCELEROMETER,2.6g,2.5g,HARSH_ACCELERATION
2024-02-06 06:17:27,AUDIO,97dB,90.0dB,ARGUMENT_DETECTED
2024-02-06 06:17:35,ACCELEROMETER,2.1g,1.5g,MODERATE_BRAKING
2024-02-06 06:17:54,ACCELEROMETER,2.5g,1.5g,MODERATE_BRAKING
2024-02-06 06:18:06,ACCELEROMETER,2.2g,1.5g,MODERATE_BRAKING
2024-02-06 06:18:06,ACCELEROMETER,2.7g,2.5g,HARSH_ACCELERATION
2024-02-06 06:18:06,AUDIO,96dB,90.0dB,ARGUMENT_DETECTED
2024-02-06 06:18:13,ACCELEROMETER,2.0g,1.5g,MODERATE_BRAKING
2024-02-06 06:18:13,AUDIO,97dB,90.0dB,ARGUMENT_DETECTED
2024-02-06 06:18:17,ACCELEROMETER,2.5g,2.5g,HARSH_BRAKING
2024-02-06 06:18:17,AUDIO,71dB,80.0dB,SUSTAINED_NOISE
2024-02-06 06:18:22,ACCELEROMETER,1.7g,1.5g,MODERATE_BRAKING
2024-02-06 06:18:23,ACCELEROMETER,2.0g,1.5g,MODERATE_BRAKING
2024-02-06 06:18:28,ACCELEROMETER,1.6g,1.5g,MODERATE_BRAKING
2024-02-06 06:18:32,ACCELEROMETER,2.2g,1.5g,MODERATE_BRAKING
2024-02-06 06:18:35,ACCELEROMETER,2.6g,2.5g,HARSH_ACCELERATION
2024-02-06 06:18:46,AUDIO,88dB,90.0dB,ARGUMENT_DETECTED
2024-02-06 06:18:46,ACCELEROMETER,1.7g,1.5g,MODERATE_BRAKING
2024-02-06 06:18:51,ACCELEROMETER,2.4g,1.5g,MODERATE_BRAKING
2024-02-06 06:19:08,ACCELEROMETER,1.7g,1.5g,MODERATE_BRAKING
2024-02-06 06:19:15,ACCELEROMETER,1.7g,1.5g,MODERATE_BRAKING
2024-02-06 06:19:16,AUDIO,92dB,90.0dB,ARGUMENT_DETECTED
2024-02-06 06:19:16,ACCELEROMETER,2.6g,2.5g,HARSH_ACCELERATION
2024-02-06 06:19:22,ACCELEROMETER,1.5g,1.5g,MODERATE_BRAKING
2024-02-06 06:19:25,ACCELEROMETER,2.4g,1.5g,MODERATE_BRAKING
2024-02-06 06:19:34,ACCELEROMETER,1.9g,1.5g,MODERATE_BRAKING
2024-02-06 06:19:36,AUDIO,77dB,80.0dB,SUSTAINED_NOISE
2024-02-06 06:19:36,ACCELEROMETER,2.0g,1.5g,MODERATE_BRAKING
2024-02-06 06:19:38,ACCELEROMETER,2.4g,1.5g,MODERATE_BRAKING
2024-02-06 06:19:38,AUDIO,97dB,90.0dB,ARGUMENT_DETECTED
2024-02-06 06:19:49,AUDIO,80dB,90.0dB,ARGUMENT_DETECTED
2024-02-06 06:19:49,ACCELEROMETER,2.2g,1.5g,MODERATE_BRAKING
2024-02-06 06:20:06,ACCELEROMETER,1.9g,1.5g,MODERATE_BRAKING
2024-02-06 06:20:06,AUDIO,77dB,80.0dB,SUSTAINED_NOISE
2024-02-06 06:20:11,ACCELEROMETER,2.1g,1.5g,MODERATE_BRAKING
2024-02-06 06:20:20,ACCELEROMETER,2.0g,1.5g,MODERATE_BRAKING
2024-02-06 06:20:20,AUDIO,68dB,80.0dB,SUSTAINED_NOISE
2024-02-06 06:20:21,ACCELEROMETER,2.1g,1.5g,MODERATE_BRAKING
2024-02-06 06:20:23,ACCELEROMETER,1.6g,1.5g,MODERATE_BRAKING
2024-02-06 06:20:23,AUDIO,96dB,90.0dB,ARGUMENT_DETECTED
2024-02-06 06:20:23,ACCELEROMETER,1.9g,1.5g,MODERATE_BRAKING
2024-02-06 06:20:35,ACCELEROMETER,3.1g,2.5g,HARSH_BRAKING
2024-02-06 06:20:47,ACCELEROMETER,2.6g,2.5g,HARSH_BRAKING
2024-02-06 06:21:00,ACCELEROMETER,1.9g,1.5g,MODERATE_BRAKING
2024-02-06 06:21:06,ACCELEROMETER,2.4g,1.5g,MODERATE_BRAKING
2024-02-06 06:21:08,ACCELEROMETER,2.6g,2.5g,HARSH_BRAKING
2024-02-06 06:21:11,AUDIO,97dB,90.0dB,ARGUMENT_DETECTED
2024-02-06 06:21:11,ACCELEROMETER,2.0g,1.5g,MODERATE_BRAKING
2024-02-06 06:21:20,AUDIO,96dB,90.0dB,ARGUMENT_DETECTED
2024-02-06 06:21:20,AUDIO,96dB,90.0dB,ARGUMENT_DETECTED
2024-02-06 06:21:20,ACCELEROMETER,2.0g,1.5g,MODERATE_BRAKING
2024-02-06 06:21:20,ACCELEROMETER,2.1g,1.5g,MODERATE_BRAKING
2024-02-06 06:21:25,ACCELEROMETER,2.5g,2.5g,HARSH_ACCELERATION
2024-02-06 06:21:25,AUDIO,96dB,90.0dB,ARGUMENT_DETECTED
2024-02-06 06:21:41,ACCELEROMETER,3.2g,2.5g,HARSH_ACCELERATION
2024-02-06 06:21:43,AUDIO,88dB,90.0dB,ARGUMENT_DETECTED
2024-02-06 06:21:43,ACCELEROMETER,1.5g,1.5g,MODERATE_BRAKING
2024-02-06 06:21:53,AUDIO,66dB,80.0dB,SUSTAINED_NOISE
2024-02-06 06:21:53,ACCELEROMETER,2.0g,1.5g,MODERATE_BRAKING
2024-02-06 06:22:00,AUDIO,92dB,90.0dB,ARGUMENT_DETECTED
2024-02-06 06:22:00,ACCELEROMETER,1.8g,1.5g,MODERATE_BRAKING
2024-02-06 06:22:10,ACCELEROMETER,1.8g,1.5g,MODERATE_BRAKING
2024-02-06 06:22:10,AUDIO,68dB,80.0dB,SUSTAINED_NOISE
2024-02-06 06:22:35,ACCELEROMETER,2.7g,2.5g,HARSH_ACCELERATION
2024-02-06 06:22:37,ACCELEROMETER,1.7g,1.5g,MODERATE_BRAKING
2024-02-06 06:22:52,ACCELEROMETER,2.0g,1.5g,MODERATE_BRAKING
2024-02-06 06:22:52,AUDIO,90dB,90.0dB,ARGUMENT_DETECTED
2024-02-06 06:23:23,AUDIO,96dB,90.0dB,ARGUMENT_DETECTED
2024-02-06 06:23:23,ACCELEROMETER,2.6g,2.5g,HARSH_ACCELERATION
2024-02-06 06:23:36,ACCELEROMETER,2.5g,1.5g,MODERATE_BRAKING
2024-02-06 06:23:52,ACCELEROMETER,2.7g,2.5g,HARSH_ACCELERATION
2024-02-06 06:23:55,ACCELEROMETER,1.9g,1.5g,MODERATE_BRAKING
2024-02-06 06:23:56,ACCELEROMETER,2.6g,2.5g,HARSH_ACCELERATION
2024-02-06 06:24:09,AUDIO,90dB,90.0dB,ARGUMENT_DETECTED
2024-02-06 06:24:09,ACCELEROMETER,1.5g,1.5g,MODERATE_BRAKING
2024-02-06 06:24:30,AUDIO,90dB,90.0dB,ARGUMENT_DETECTED
2024-02-06 06:24:30,ACCELEROMETER,1.6g,1.5g,MODERATE_BRAKING
2024-02-06 06:24:36,AUDIO,66dB,80.0dB,SUSTAINED_NOISE
2024-02-06 06:24:36,ACCELEROMETER,1.8g,1.5g,MODERATE_BRAKING
2024-02-06 06:25:05,ACCELEROMETER,2.6g,2.5g,HARSH_ACCELERATION
2024-02-06 06:25:13,ACCELEROMETER,2.6g,2.5g,HARSH_BRAKING
2024-02-06 06:25:20,ACCELEROMETER,2.9g,2.5g,HARSH_ACCELERATION
2024-02-06 06:25:25,ACCELEROMETER,2.1g,1.5g,MODERATE_BRAKING
2024-02-06 06:25:29,ACCELEROMETER,1.9g,1.5g,MODERATE_BRAKING
2024-02-06 06:25:29,AUDIO,66dB,80.0dB,SUSTAINED_NOISE
2024-02-06 06:25:31,ACCELEROMETER,1.8g,1.5g,MODERATE_BRAKING
2024-02-06 06:25:33,ACCELEROMETER,1.9g,1.5g,MODERATE_BRAKING
2024-02-06 06:25:33,AUDIO,66dB,80.0dB,SUSTAINED_NOISE
2024-02-06 06:25:39,AUDIO,88dB,90.0dB,ARGUMENT_DETECTED
2024-02-06 06:25:39,ACCELEROMETER,2.9g,2.5g,HARSH_ACCELERATION
2024-02-06 06:25:43,ACCELEROMETER,1.8g,1.5g,MODERATE_BRAKING
2024-02-06 06:25:44,ACCELEROMETER,1.7g,1.5g,MODERATE_BRAKING
2024-02-06 06:25:46,ACCELEROMETER,2.8g,2.5g,HARSH_BRAKING
2024-02-06 06:25:46,AUDIO,88dB,90.0dB,ARGUMENT_DETECTED
2024-02-06 06:25:52,AUDIO,93dB,90.0dB,ARGUMENT_DETECTED
2024-02-06 06:25:52,ACCELEROMETER,1.6g,1.5g,MODERATE_BRAKING
2024-02-06 06:25:57,AUDIO,93dB,90.0dB,ARGUMENT_DETECTED
2024-02-06 06:26:06,ACCELEROMETER,2.7g,2.5g,HARSH_BRAKING
2024-02-06 06:26:06,AUDIO,96dB,90.0dB,ARGUMENT_DETECTED
2024-02-06 06:26:26,ACCELEROMETER,2.3g,1.5g,MODERATE_BRAKING
2024-02-06 06:26:42,ACCELEROMETER,2.7g,2.5g,HARSH_BRAKING
2024-02-06 06:26:44,AUDIO,88dB,90.0dB,ARGUMENT_DETECTED
2024-02-06 06:27:10,ACCELEROMETER,2.0g,1.5g,MODERATE_BRAKING
2024-02-06 06:27:32,ACCELEROMETER,1.9g,1.5g,MODERATE_BRAKING
2024-02-06 06:27:35,ACCELEROMETER,3.0g,2.5g,HARSH_ACCELERATION
2024-02-06 06:27:41,ACCELEROMETER,1.8g,1.5g,MODERATE_BRAKING
2024-02-06 06:28:20,ACCELEROMETER,1.7g,1.5g,MODERATE_BRAKING
2024-02-06 06:28:21,ACCELEROMETER,3.1g,2.5g,HARSH_ACCELERATION
2024-02-06 06:28:25,ACCELEROMETER,2.0g,1.5g,MODERATE_BRAKING
2024-02-06 06:28:52,AUDIO,96dB,90.0dB,ARGUMENT_DETECTED
2024-02-06 06:28:52,ACCELEROMETER,2.1g,1.5g,MODERATE_BRAKING
2024-02-06 06:29:04,ACCELEROMETER,2.2g,1.5g,MODERATE_BRAKING
2024-02-06 06:29:22,ACCELEROMETER,1.6g,1.5g,MODERATE_BRAKING
2024-02-06 06:29:24,ACCELEROMETER,2.1g,1.5g,MODERATE_BRAKING
2024-02-06 06:29:24,ACCELEROMETER,2.6g,2.5g,HARSH_BRAKING
2024-02-06 06:29:43,ACCELEROMETER,1.8g,1.5g,MODERATE_BRAKING
2024-02-06 06:29:44,ACCELEROMETER,1.7g,1.5g,MODERATE_BRAKING
2024-02-06 06:29:55,ACCELEROMETER,3.0g,2.5g,HARSH_ACCELERATION
2024-02-06 06:29:57,ACCELEROMETER,3.0g,2.5g,HARSH_ACCELERATION
2024-02-06 06:29:58,AUDIO,96dB,90.0dB,ARGUMENT_DETECTED
2024-02-06 06:29:58,ACCELEROMETER,1.9g,1.5g,MODERATE_BRAKING
2024-02-06 06:35:50,AUDIO,72dB,80.0dB,SUSTAINED_NOISE
2024-02-06 06:35:50,ACCELEROMETER,3.9g,2.5g,HARSH_ACCELERATION
2024-02-06 06:36:20,AUDIO,72dB,80.0dB,SUSTAINED_NOISE
2024-02-06 06:36:20,ACCELEROMETER,3.9g,2.5g,HARSH_BRAKING
2024-02-06 06:40:47,ACCELEROMETER,1.6g,1.5g,MODERATE_BRAKING
2024-02-06 06:41:17,ACCELEROMETER,2.4g,1.5g,MODERATE_BRAKING
2024-02-06 06:43:45,ACCELEROMETER,1.6g,1.5g,MODERATE_BRAKING
2024-02-06 06:43:51,AUDIO,76dB,80.0dB,SUSTAINED_NOISE
2024-02-06 06:43:51,ACCELEROMETER,1.7g,1.5g,MODERATE_BRAKING
2024-02-06 06:44:21,AUDIO,76dB,80.0dB,SUSTAINED_NOISE
2024-02-06 06:44:21,ACCELEROMETER,1.5g,1.5g,MODERATE_BRAKING
2024-02-06 06:46:12,AUDIO,72dB,80.0dB,SUSTAINED_NOISE
2024-02-06 06:46:12,ACCELEROMETER,1.7g,1.5g,MODERATE_BRAKING
2024-02-06 06:46:42,AUDIO,72dB,80.0dB,SUSTAINED_NOISE
2024-02-06 06:46:42,ACCELEROMETER,2.4g,1.5g,MODERATE_BRAKING
2024-02-06 06:51:31,ACCELEROMETER,1.9g,1.5g,MODERATE_BRAKING
2024-02-06 06:51:31,AUDIO,58dB,80.0dB,SUSTAINED_NOISE
2024-02-06 06:52:01,AUDIO,58dB,80.0dB,SUSTAINED_NOISE
2024-02-06 06:52:01,ACCELEROMETER,2.6g,2.5g,HARSH_ACCELERATION
2024-02-06 06:53:16,ACCELEROMETER,1.9g,1.5g,MODERATE_BRAKING
2024-02-06 06:53:25,AUDIO,76dB,80.0dB,SUSTAINED_NOISE
2024-02-06 06:53:25,ACCELEROMETER,1.8g,1.5g,MODERATE_BRAKING
2024-02-06 06:53:55,AUDIO,76dB,80.0dB,SUSTAINED_NOISE
2024-02-06 06:54:29,AUDIO,76dB,80.0dB,SUSTAINED_NOISE
2024-02-06 06:54:29,ACCELEROMETER,1.7g,1.5g,MODERATE_BRAKING
2024-02-06 06:54:59,AUDIO,76dB,80.0dB,SUSTAINED_NOISE
2024-02-06 06:55:02,ACCELEROMETER,1.6g,1.5g,MODERATE_BRAKING
2024-02-06 06:58:00,ACCELEROMETER,1.8g,1.5g,MODERATE_BRAKING
2024-02-06 06:58:33,ACCELEROMETER,2.4g,1.5g,MODERATE_BRAKING
2024-02-06 06:58:33,AUDIO,77dB,80.0dB,SUSTAINED_NOISE
2024-02-06 06:59:03,ACCELEROMETER,2.3g,1.5g,MODERATE_BRAKING
2024-02-06 06:59:03,AUDIO,77dB,80.0dB,SUSTAINED_NOISE
2024-02-06 07:02:05,ACCELEROMETER,2.1g,1.5g,MODERATE_BRAKING
2024-02-06 07:02:35,ACCELEROMETER,1.9g,1.5g,MODERATE_BRAKING
2024-02-06 07:15:00,ACCELEROMETER,1.6g,1.5g,MODERATE_BRAKING
2024-02-06 07:16:00,ACCELEROMETER,2.6g,2.5g,HARSH_ACCELERATION
2024-02-06 07:20:53,ACCELEROMETER,1.7g,1.5g,MODERATE_BRAKING
2024-02-06 07:21:30,AUDIO,59dB,80.0dB,SUSTAINED_NOISE
2024-02-06 07:21:30,ACCELEROMETER,1.8g,1.5g,MODERATE_BRAKING
2024-02-06 07:22:00,AUDIO,59dB,80.0dB,SUSTAINED_NOISE
2024-02-06 07:22:00,ACCELEROMETER,1.7g,1.5g,MODERATE_BRAKING
2024-02-06 07:22:00,AUDIO,88dB,90.0dB,ARGUMENT_DETECTED
2024-02-06 07:22:00,ACCELEROMETER,4.9g,2.5g,HARSH_ACCELERATION
2024-02-06 07:22:30,AUDIO,92dB,90.0dB,ARGUMENT_DETECTED
2024-02-06 07:22:30,ACCELEROMETER,7.8g,2.5g,HARSH_ACCELERATION
2024-02-06 07:22:46,AUDIO,88dB,90.0dB,ARGUMENT_DETECTED
2024-02-06 07:22:46,ACCELEROMETER,2.1g,1.5g,MODERATE_BRAKING
2024-02-06 07:23:00,ACCELEROMETER,7.6g,2.5g,HARSH_BRAKING
2024-02-06 07:23:00,AUDIO,95dB,90.0dB,ARGUMENT_DETECTED
2024-02-06 07:23:16,AUDIO,88dB,90.0dB,ARGUMENT_DETECTED
2024-02-06 07:23:16,ACCELEROMETER,2.1g,1.5g,MODERATE_BRAKING
2024-02-06 07:23:30,ACCELEROMETER,5.7g,2.5g,HARSH_BRAKING
2024-02-06 07:23:30,AUDIO,94dB,90.0dB,ARGUMENT_DETECTED
2024-02-06 07:24:00,AUDIO,89dB,90.0dB,ARGUMENT_DETECTED
2024-02-06 07:24:00,ACCELEROMETER,2.8g,2.5g,HARSH_BRAKING
2024-02-06 07:24:27,ACCELEROMETER,2.7g,2.5g,HARSH_ACCELERATION
2024-02-06 07:29:55,ACCELEROMETER,3.7g,2.5g,HARSH_ACCELERATION
2024-02-06 07:29:55,AUDIO,96dB,90.0dB,ARGUMENT_DETECTED
2024-02-06 07:30:00,ACCELEROMETER,1.8g,1.5g,MODERATE_BRAKING
2024-02-06 07:30:25,ACCELEROMETER,3.6g,2.5g,HARSH_BRAKING
2024-02-06 07:30:25,AUDIO,96dB,90.0dB,ARGUMENT_DETECTED
2024-02-06 07:35:00,ACCELEROMETER,1.7g,1.5g,MODERATE_BRAKING
2024-02-06 07:38:00,ACCELEROMETER,1.7g,1.5g,MODERATE_BRAKING
2024-02-06 07:39:01,ACCELEROMETER,2.1g,1.5g,MODERATE_BRAKING
2024-02-06 07:39:31,ACCELEROMETER,2.0g,1.5g,MODERATE_BRAKING
2024-02-06 07:40:34,AUDIO,80dB,80.0dB,SUSTAINED_NOISE
2024-02-06 07:40:34,ACCELEROMETER,2.1g,1.5g,MODERATE_BRAKING
2024-02-06 07:41:04,ACCELEROMETER,3.1g,2.5g,HARSH_ACCELERATION
2024-02-06 07:41:04,AUDIO,80dB,80.0dB,SUSTAINED_NOISE
2024-02-06 07:44:00,AUDIO,59dB,80.0dB,SUSTAINED_NOISE
2024-02-06 07:44:00,ACCELEROMETER,2.9g,2.5g,HARSH_ACCELERATION
2024-02-06 07:44:08,AUDIO,59dB,80.0dB,SUSTAINED_NOISE
2024-02-06 07:44:08,ACCELEROMETER,3.9g,2.5g,HARSH_ACCELERATION
2024-02-06 07:44:38,ACCELEROMETER,5.0g,2.5g,HARSH_ACCELERATION
2024-02-06 07:44:38,AUDIO,59dB,80.0dB,SUSTAINED_NOISE
2024-02-06 07:46:00,ACCELEROMETER,1.7g,1.5g,MODERATE_BRAKING
2024-02-06 07:46:19,ACCELEROMETER,2.9g,2.5g,HARSH_ACCELERATION
2024-02-06 07:47:38,ACCELEROMETER,1.5g,1.5g,MODERATE_BRAKING
2024-02-06 07:49:39,ACCELEROMETER,3.9g,2.5g,HARSH_ACCELERATION
2024-02-06 07:49:39,AUDIO,73dB,80.0dB,SUSTAINED_NOISE
2024-02-06 07:50:09,AUDIO,73dB,80.0dB,SUSTAINED_NOISE
2024-02-06 07:50:09,ACCELEROMETER,3.8g,2.5g,HARSH_BRAKING
2024-02-06 07:50:32,ACCELEROMETER,2.9g,2.5g,HARSH_BRAKING
2024-02-06 07:50:32,AUDIO,78dB,80.0dB,SUSTAINED_NOISE
2024-02-06 07:51:02,AUDIO,78dB,80.0dB,SUSTAINED_NOISE
2024-02-06 07:51:02,ACCELEROMETER,1.9g,1.5g,MODERATE_BRAKING
2024-02-06 07:52:16,ACCELEROMETER,1.9g,1.5g,MODERATE_BRAKING
2024-02-06 07:52:46,ACCELEROMETER,1.7g,1.5g,MODERATE_BRAKING
2024-02-06 08:05:11,ACCELEROMETER,1.6g,1.5g,MODERATE_BRAKING
2024-02-06 08:09:42,AUDIO,87dB,90.0dB,ARGUMENT_DETECTED
2024-02-06 08:09:42,ACCELEROMETER,1.6g,1.5g,MODERATE_BRAKING
2024-02-06 08:10:12,ACCELEROMETER,2.6g,2.5g,HARSH_ACCELERATION
2024-02-06 08:10:12,AUDIO,87dB,90.0dB,ARGUMENT_DETECTED
2024-02-06 08:11:00,ACCELEROMETER,1.8g,1.5g,MODERATE_BRAKING
2024-02-06 08:11:02,ACCELEROMETER,1.5g,1.5g,MODERATE_BRAKING
2024-02-06 08:15:23,AUDIO,79dB,80.0dB,SUSTAINED_NOISE
2024-02-06 08:15:23,ACCELEROMETER,2.0g,1.5g,MODERATE_BRAKING
2024-02-06 08:15:53,AUDIO,79dB,80.0dB,SUSTAINED_NOISE
2024-02-06 08:15:53,ACCELEROMETER,1.9g,1.5g,MODERATE_BRAKING
2024-02-06 08:18:56,AUDIO,81dB,80.0dB,SUSTAINED_NOISE
2024-02-06 08:18:56,ACCELEROMETER,1.5g,1.5g,MODERATE_BRAKING
2024-02-06 08:19:04,ACCELEROMETER,1.6g,1.5g,MODERATE_BRAKING
2024-02-06 08:19:26,AUDIO,81dB,80.0dB,SUSTAINED_NOISE
2024-02-06 08:20:04,ACCELEROMETER,1.8g,1.5g,MODERATE_BRAKING
2024-02-06 08:20:34,ACCELEROMETER,1.7g,1.5g,MODERATE_BRAKING
2024-02-06 08:24:01,ACCELEROMETER,2.0g,1.5g,MODERATE_BRAKING
2024-02-06 08:24:09,ACCELEROMETER,2.1g,1.5g,MODERATE_BRAKING
2024-02-06 08:24:09,AUDIO,83dB,90.0dB,ARGUMENT_DETECTED
2024-02-06 08:24:31,ACCELEROMETER,1.6g,1.5g,MODERATE_BRAKING
2024-02-06 08:24:39,ACCELEROMETER,2.7g,2.5g,HARSH_ACCELERATION
2024-02-06 08:24:39,AUDIO,83dB,90.0dB,ARGUMENT_DETECTED
2024-02-06 08:29:59,ACCELEROMETER,1.6g,1.5g,MODERATE_BRAKING
2024-02-06 08:32:34,AUDIO,97dB,90.0dB,ARGUMENT_DETECTED
2024-02-06 08:32:34,ACCELEROMETER,1.8g,1.5g,MODERATE_BRAKING
2024-02-06 08:33:04,AUDIO,97dB,90.0dB,ARGUMENT_DETECTED
2024-02-06 08:33:58,ACCELEROMETER,2.0g,1.5g,MODERATE_BRAKING
2024-02-06 08:34:28,ACCELEROMETER,2.8g,2.5g,HARSH_ACCELERATION
2024-02-06 08:36:00,ACCELEROMETER,1.5g,1.5g,MODERATE_BRAKING
2024-02-06 08:36:12,ACCELEROMETER,1.8g,1.5g,MODERATE_BRAKING
2024-02-06 08:37:28,AUDIO,74dB,80.0dB,SUSTAINED_NOISE
2024-02-06 08:37:28,ACCELEROMETER,1.6g,1.5g,MODERATE_BRAKING
2024-02-06 08:37:58,AUDIO,74dB,80.0dB,SUSTAINED_NOISE
2024-02-06 08:37:58,ACCELEROMETER,2.3g,1.5g,MODERATE_BRAKING
2024-02-06 08:42:49,ACCELEROMETER,1.9g,1.5g,MODERATE_BRAKING
2024-02-06 08:42:49,AUDIO,74dB,80.0dB,SUSTAINED_NOISE
2024-02-06 08:43:01,ACCELEROMETER,1.7g,1.5g,MODERATE_BRAKING
2024-02-06 08:43:01,AUDIO,59dB,80.0dB,SUSTAINED_NOISE
2024-02-06 08:43:19,ACCELEROMETER,1.6g,1.5g,MODERATE_BRAKING
2024-02-06 08:43:19,AUDIO,74dB,80.0dB,SUSTAINED_NOISE
2024-02-06 08:43:31,ACCELEROMETER,1.6g,1.5g,MODERATE_BRAKING
2024-02-06 08:43:31,AUDIO,59dB,80.0dB,SUSTAINED_NOISE
2024-02-06 08:46:25,ACCELEROMETER,2.3g,1.5g,MODERATE_BRAKING
2024-02-06 08:46:25,AUDIO,74dB,80.0dB,SUSTAINED_NOISE
2024-02-06 08:46:55,AUDIO,74dB,80.0dB,SUSTAINED_NOISE
2024-02-06 08:46:55,ACCELEROMETER,3.2g,2.5g,HARSH_ACCELERATION
2024-02-06 08:48:21,AUDIO,78dB,80.0dB,SUSTAINED_NOISE
2024-02-06 08:48:21,ACCELEROMETER,1.5g,1.5g,MODERATE_BRAKING
2024-02-06 08:48:51,AUDIO,78dB,80.0dB,SUSTAINED_NOISE
2024-02-06 08:49:44,ACCELEROMETER,2.1g,1.5g,MODERATE_BRAKING
2024-02-06 08:50:14,ACCELEROMETER,1.8g,1.5g,MODERATE_BRAKING
2024-02-06 08:53:15,ACCELEROMETER,2.8g,2.5g,HARSH_ACCELERATION
2024-02-06 08:53:16,ACCELEROMETER,2.3g,1.5g,MODERATE_BRAKING
2024-02-06 08:56:30,ACCELEROMETER,3.8g,2.5g,HARSH_ACCELERATION
2024-02-06 08:57:00,ACCELEROMETER,3.8g,2.5g,HARSH_BRAKING
2024-02-06 09:01:21,ACCELEROMETER,1.7g,1.5g,MODERATE_BRAKING
2024-02-06 09:04:32,ACCELEROMETER,1.8g,1.5g,MODERATE_BRAKING
2024-02-06 09:05:02,ACCELEROMETER,1.6g,1.5g,MODERATE_BRAKING
2024-02-06 09:10:00,ACCELEROMETER,1.5g,1.5g,MODERATE_BRAKING
2024-02-06 09:10:51,ACCELEROMETER,1.9g,1.5g,MODERATE_BRAKING
2024-02-06 09:10:51,AUDIO,55dB,80.0dB,SUSTAINED_NOISE
2024-02-06 09:11:21,ACCELEROMETER,2.9g,2.5g,HARSH_ACCELERATION
2024-02-06 09:11:21,AUDIO,55dB,80.0dB,SUSTAINED_NOISE
2024-02-06 09:12:42,ACCELEROMETER,2.2g,1.5g,MODERATE_BRAKING
2024-02-06 09:13:12,ACCELEROMETER,2.1g,1.5g,MODERATE_BRAKING
2024-02-06 09:18:00,ACCELEROMETER,1.7g,1.5g,MODERATE_BRAKING
2024-02-06 09:21:06,ACCELEROMETER,2.3g,1.5g,MODERATE_BRAKING
2024-02-06 09:21:36,ACCELEROMETER,1.9g,1.5g,MODERATE_BRAKING
2024-02-06 09:23:56,ACCELEROMETER,1.8g,1.5g,MODERATE_BRAKING
2024-02-06 09:25:00,ACCELEROMETER,1.7g,1.5g,MODERATE_BRAKING
2024-02-06 09:26:53,ACCELEROMETER,2.2g,1.5g,MODERATE_BRAKING
2024-02-06 09:26:53,AUDIO,83dB,90.0dB,ARGUMENT_DETECTED
2024-02-06 09:27:23,ACCELEROMETER,2.0g,1.5g,MODERATE_BRAKING
2024-02-06 09:27:23,AUDIO,83dB,90.0dB,ARGUMENT_DETECTED
2024-02-06 09:29:01,ACCELEROMETER,2.2g,1.5g,MODERATE_BRAKING
2024-02-06 09:29:01,AUDIO,82dB,90.0dB,ARGUMENT_DETECTED
2024-02-06 09:29:31,ACCELEROMETER,2.1g,1.5g,MODERATE_BRAKING
2024-02-06 09:29:31,AUDIO,82dB,90.0dB,ARGUMENT_DETECTED
2024-02-06 09:30:37,ACCELEROMETER,1.7g,1.5g,MODERATE_BRAKING
2024-02-06 09:30:37,AUDIO,96dB,90.0dB,ARGUMENT_DETECTED
2024-02-06 09:31:07,ACCELEROMETER,1.7g,1.5g,MODERATE_BRAKING
2024-02-06 09:31:07,AUDIO,96dB,90.0dB,ARGUMENT_DETECTED
2024-02-06 09:32:00,ACCELEROMETER,1.8g,1.5g,MODERATE_BRAKING
2024-02-06 09:32:13,AUDIO,74dB,80.0dB,SUSTAINED_NOISE
2024-02-06 09:32:13,ACCELEROMETER,1.8g,1.5g,MODERATE_BRAKING
2024-02-06 09:32:43,ACCELEROMETER,2.5g,2.5g,HARSH_ACCELERATION
2024-02-06 09:32:43,AUDIO,74dB,80.0dB,SUSTAINED_NOISE
2024-02-06 09:40:17,ACCELEROMETER,1.6g,1.5g,MODERATE_BRAKING
2024-02-06 09:44:22,ACCELEROMETER,2.6g,2.5g,HARSH_ACCELERATION
2024-02-06 09:47:34,ACCELEROMETER,1.9g,1.5g,MODERATE_BRAKING
2024-02-06 09:47:34,AUDIO,77dB,80.0dB,SUSTAINED_NOISE
2024-02-06 09:48:01,ACCELEROMETER,2.3g,1.5g,MODERATE_BRAKING
2024-02-06 09:48:01,AUDIO,75dB,80.0dB,SUSTAINED_NOISE
2024-02-06 09:48:04,AUDIO,77dB,80.0dB,SUSTAINED_NOISE
2024-02-06 09:48:04,ACCELEROMETER,1.7g,1.5g,MODERATE_BRAKING
2024-02-06 09:48:31,ACCELEROMETER,2.0g,1.5g,MODERATE_BRAKING
2024-02-06 09:48:31,AUDIO,75dB,80.0dB,SUSTAINED_NOISE
2024-02-06 09:49:26,ACCELEROMETER,1.8g,1.5g,MODERATE_BRAKING
2024-02-06 09:49:56,ACCELEROMETER,1.6g,1.5g,MODERATE_BRAKING
2024-02-06 09:52:16,ACCELEROMETER,2.5g,2.5g,HARSH_ACCELERATION
2024-02-06 09:52:32,ACCELEROMETER,2.9g,2.5g,HARSH_ACCELERATION
2024-02-06 09:52:46,ACCELEROMETER,2.3g,1.5g,MODERATE_BRAKING
2024-02-06 10:00:16,AUDIO,76dB,80.0dB,SUSTAINED_NOISE
2024-02-06 10:00:16,ACCELEROMETER,1.7g,1.5g,MODERATE_BRAKING
2024-02-06 10:00:46,AUDIO,76dB,80.0dB,SUSTAINED_NOISE
2024-02-06 10:00:46,ACCELEROMETER,1.6g,1.5g,MODERATE_BRAKING
2024-02-06 10:03:49,ACCELEROMETER,1.6g,1.5g,MODERATE_BRAKING
2024-02-06 10:05:36,ACCELEROMETER,3.1g,2.5g,HARSH_ACCELERATION
2024-02-06 10:06:36,ACCELEROMETER,1.5g,1.5g,MODERATE_BRAKING
2024-02-06 10:07:13,ACCELEROMETER,4.2g,2.5g,HARSH_ACCELERATION
2024-02-06 10:07:43,ACCELEROMETER,4.0g,2.5g,HARSH_BRAKING
2024-02-06 10:09:12,ACCELEROMETER,2.0g,1.5g,MODERATE_BRAKING
2024-02-06 10:09:12,AUDIO,73dB,80.0dB,SUSTAINED_NOISE
2024-02-06 10:09:42,ACCELEROMETER,4.6g,2.5g,HARSH_ACCELERATION
2024-02-06 10:09:42,AUDIO,73dB,80.0dB,SUSTAINED_NOISE
2024-02-06 10:16:00,ACCELEROMETER,1.5g,1.5g,MODERATE_BRAKING
2024-02-06 10:16:00,ACCELEROMETER,1.7g,1.5g,MODERATE_BRAKING
2024-02-06 10:17:10,ACCELEROMETER,2.8g,2.5g,HARSH_ACCELERATION
2024-02-06 10:17:25,ACCELEROMETER,1.7g,1.5g,MODERATE_BRAKING
2024-02-06 10:17:52,ACCELEROMETER,1.6g,1.5g,MODERATE_BRAKING
2024-02-06 10:18:20,ACCELEROMETER,3.7g,2.5g,HARSH_ACCELERATION
2024-02-06 10:18:20,AUDIO,78dB,80.0dB,SUSTAINED_NOISE
2024-02-06 10:18:22,ACCELEROMETER,2.2g,1.5g,MODERATE_BRAKING
2024-02-06 10:18:50,ACCELEROMETER,3.7g,2.5g,HARSH_BRAKING
2024-02-06 10:18:50,AUDIO,78dB,80.0dB,SUSTAINED_NOISE
2024-02-06 10:18:51,AUDIO,88dB,90.0dB,ARGUMENT_DETECTED
2024-02-06 10:18:51,ACCELEROMETER,2.1g,1.5g,MODERATE_BRAKING
2024-02-06 10:19:21,AUDIO,88dB,90.0dB,ARGUMENT_DETECTED
2024-02-06 10:19:21,ACCELEROMETER,2.0g,1.5g,MODERATE_BRAKING
2024-02-06 10:20:11,ACCELEROMETER,4.6g,2.5g,HARSH_BRAKING
2024-02-06 10:20:11,AUDIO,59dB,80.0dB,SUSTAINED_NOISE
2024-02-06 10:20:41,ACCELEROMETER,4.1g,2.5g,HARSH_BRAKING
2024-02-06 10:20:41,AUDIO,97dB,90.0dB,ARGUMENT_DETECTED
2024-02-06 10:20:41,AUDIO,59dB,80.0dB,SUSTAINED_NOISE
2024-02-06 10:20:41,ACCELEROMETER,1.9g,1.5g,MODERATE_BRAKING
2024-02-06 10:21:11,ACCELEROMETER,2.7g,2.5g,HARSH_ACCELERATION
2024-02-06 10:21:11,AUDIO,97dB,90.0dB,ARGUMENT_DETECTED
2024-02-06 10:22:51,ACCELEROMETER,1.8g,1.5g,MODERATE_BRAKING
2024-02-06 10:29:42,AUDIO,79dB,80.0dB,SUSTAINED_NOISE
2024-02-06 10:29:42,ACCELEROMETER,2.3g,1.5g,MODERATE_BRAKING
2024-02-06 10:29:43,ACCELEROMETER,1.6g,1.5g,MODERATE_BRAKING
2024-02-06 10:30:12,AUDIO,79dB,80.0dB,SUSTAINED_NOISE
2024-02-06 10:30:12,ACCELEROMETER,2.2g,1.5g,MODERATE_BRAKING
2024-02-06 10:31:27,ACCELEROMETER,2.1g,1.5g,MODERATE_BRAKING
2024-02-06 10:31:57,ACCELEROMETER,1.9g,1.5g,MODERATE_BRAKING
2024-02-06 10:34:00,ACCELEROMETER,3.3g,2.5g,HARSH_ACCELERATION
2024-02-06 10:34:50,AUDIO,72dB,80.0dB,SUSTAINED_NOISE
2024-02-06 10:34:50,ACCELEROMETER,3.7g,2.5g,HARSH_ACCELERATION
2024-02-06 10:35:20,AUDIO,72dB,80.0dB,SUSTAINED_NOISE
2024-02-06 10:35:20,ACCELEROMETER,5.3g,2.5g,HARSH_ACCELERATION
2024-02-06 10:35:43,ACCELEROMETER,1.6g,1.5g,MODERATE_BRAKING
2024-02-06 10:35:43,AUDIO,75dB,80.0dB,SUSTAINED_NOISE
2024-02-06 10:36:13,ACCELEROMETER,2.9g,2.5g,HARSH_ACCELERATION
2024-02-06 10:36:13,AUDIO,75dB,80.0dB,SUSTAINED_NOISE
2024-02-06 10:38:00,ACCELEROMETER,1.9g,1.5g,MODERATE_BRAKING
2024-02-06 10:39:00,ACCELEROMETER,1.7g,1.5g,MODERATE_BRAKING
2024-02-06 10:40:00,ACCELEROMETER,1.8g,1.5g,MODERATE_BRAKING
2024-02-06 10:46:47,ACCELEROMETER,3.1g,2.5g,HARSH_ACCELERATION
2024-02-06 10:46:56,AUDIO,73dB,80.0dB,SUSTAINED_NOISE
2024-02-06 10:46:56,ACCELEROMETER,2.4g,1.5g,MODERATE_BRAKING
2024-02-06 10:47:26,AUDIO,73dB,80.0dB,SUSTAINED_NOISE
2024-02-06 10:47:26,ACCELEROMETER,3.3g,2.5g,HARSH_ACCELERATION
2024-02-06 10:51:30,ACCELEROMETER,1.5g,1.5g,MODERATE_BRAKING
2024-02-06 10:52:27,AUDIO,73dB,80.0dB,SUSTAINED_NOISE
2024-02-06 10:52:27,ACCELEROMETER,2.5g,2.5g,HARSH_BRAKING
2024-02-06 10:52:57,AUDIO,73dB,80.0dB,SUSTAINED_NOISE
2024-02-06 10:52:57,ACCELEROMETER,2.0g,1.5g,MODERATE_BRAKING
2024-02-06 10:53:35,ACCELEROMETER,4.1g,2.5g,HARSH_ACCELERATION
2024-02-06 10:54:05,ACCELEROMETER,4.1g,2.5g,HARSH_BRAKING
2024-02-06 11:01:00,ACCELEROMETER,1.9g,1.5g,MODERATE_BRAKING
2024-02-06 11:03:01,ACCELEROMETER,2.0g,1.5g,MODERATE_BRAKING
2024-02-06 11:03:01,AUDIO,80dB,80.0dB,SUSTAINED_NOISE
2024-02-06 11:03:31,ACCELEROMETER,1.8g,1.5g,MODERATE_BRAKING
2024-02-06 11:03:31,AUDIO,80dB,80.0dB,SUSTAINED_NOISE
2024-02-06 11:08:10,AUDIO,75dB,80.0dB,SUSTAINED_NOISE
2024-02-06 11:08:10,ACCELEROMETER,1.6g,1.5g,MODERATE_BRAKING
2024-02-06 11:08:40,ACCELEROMETER,1.5g,1.5g,MODERATE_BRAKING
2024-02-06 11:08:40,AUDIO,75dB,80.0dB,SUSTAINED_NOISE
2024-02-06 11:18:42,ACCELEROMETER,1.7g,1.5g,MODERATE_BRAKING
2024-02-06 11:20:35,ACCELEROMETER,1.6g,1.5g,MODERATE_BRAKING
2024-02-06 11:25:37,ACCELEROMETER,3.2g,2.5g,HARSH_ACCELERATION
2024-02-06 11:26:25,ACCELEROMETER,2.1g,1.5g,MODERATE_BRAKING
2024-02-06 11:26:25,AUDIO,83dB,90.0dB,ARGUMENT_DETECTED
2024-02-06 11:26:55,ACCELEROMETER,2.0g,1.5g,MODERATE_BRAKING
2024-02-06 11:26:55,AUDIO,83dB,90.0dB,ARGUMENT_DETECTED
2024-02-06 11:28:15,ACCELEROMETER,4.2g,2.5g,HARSH_ACCELERATION
2024-02-06 11:28:45,ACCELEROMETER,4.1g,2.5g,HARSH_BRAKING
2024-02-06 11:28:52,ACCELEROMETER,1.7g,1.5g,MODERATE_BRAKING
2024-02-06 11:28:52,AUDIO,87dB,90.0dB,ARGUMENT_DETECTED
2024-02-06 11:29:22,ACCELEROMETER,4.3g,2.5g,HARSH_ACCELERATION
2024-02-06 11:29:22,AUDIO,87dB,90.0dB,ARGUMENT_DETECTED
2024-02-06 11:30:10,ACCELEROMETER,2.0g,1.5g,MODERATE_BRAKING
2024-02-06 11:30:10,AUDIO,77dB,80.0dB,SUSTAINED_NOISE
2024-02-06 11:30:23,ACCELEROMETER,3.0g,2.5g,HARSH_ACCELERATION
2024-02-06 11:30:40,AUDIO,77dB,80.0dB,SUSTAINED_NOISE
2024-02-06 11:30:40,ACCELEROMETER,1.8g,1.5g,MODERATE_BRAKING
2024-02-06 11:33:50,ACCELEROMETER,4.3g,2.5g,HARSH_ACCELERATION
2024-02-06 11:34:20,ACCELEROMETER,5.0g,2.5g,HARSH_ACCELERATION
2024-02-06 11:34:59,ACCELEROMETER,2.7g,2.5g,HARSH_BRAKING
2024-02-06 11:34:59,AUDIO,54dB,80.0dB,SUSTAINED_NOISE
2024-02-06 11:35:29,ACCELEROMETER,1.6g,1.5g,MODERATE_BRAKING
2024-02-06 11:35:29,AUDIO,54dB,80.0dB,SUSTAINED_NOISE
2024-02-06 11:37:47,AUDIO,54dB,80.0dB,SUSTAINED_NOISE
2024-02-06 11:37:47,ACCELEROMETER,4.0g,2.5g,HARSH_ACCELERATION
2024-02-06 11:38:17,AUDIO,54dB,80.0dB,SUSTAINED_NOISE
2024-02-06 11:38:17,ACCELEROMETER,5.1g,2.5g,HARSH_ACCELERATION
2024-02-06 11:42:12,ACCELEROMETER,1.8g,1.5g,MODERATE_BRAKING
2024-02-06 11:42:12,AUDIO,84dB,90.0dB,ARGUMENT_DETECTED
2024-02-06 11:42:42,AUDIO,84dB,90.0dB,ARGUMENT_DETECTED
2024-02-06 11:42:42,ACCELEROMETER,1.8g,1.5g,MODERATE_BRAKING
2024-02-06 11:47:54,AUDIO,87dB,90.0dB,ARGUMENT_DETECTED
2024-02-06 11:47:54,ACCELEROMETER,2.9g,2.5g,HARSH_BRAKING
2024-02-06 11:48:24,ACCELEROMETER,2.0g,1.5g,MODERATE_BRAKING
2024-02-06 11:48:24,AUDIO,87dB,90.0dB,ARGUMENT_DETECTED
2024-02-06 11:57:00,ACCELEROMETER,1.9g,1.5g,MODERATE_BRAKING
2024-02-06 12:00:46,AUDIO,87dB,90.0dB,ARGUMENT_DETECTED
2024-02-06 12:01:16,AUDIO,87dB,90.0dB,ARGUMENT_DETECTED
2024-02-06 12:06:10,ACCELEROMETER,1.6g,1.5g,MODERATE_BRAKING
2024-02-06 12:09:39,ACCELEROMETER,1.6g,1.5g,MODERATE_BRAKING
2024-02-06 12:11:18,ACCELEROMETER,1.8g,1.5g,MODERATE_BRAKING
2024-02-06 12:11:22,ACCELEROMETER,1.8g,1.5g,MODERATE_BRAKING
2024-02-06 12:11:48,ACCELEROMETER,4.2g,2.5g,HARSH_ACCELERATION
2024-02-06 12:13:20,ACCELEROMETER,2.0g,1.5g,MODERATE_BRAKING
2024-02-06 12:13:50,ACCELEROMETER,2.0g,1.5g,MODERATE_BRAKING
2024-02-06 12:16:44,AUDIO,77dB,80.0dB,SUSTAINED_NOISE
2024-02-06 12:16:44,ACCELEROMETER,2.3g,1.5g,MODERATE_BRAKING
2024-02-06 12:17:14,ACCELEROMETER,2.1g,1.5g,MODERATE_BRAKING
2024-02-06 12:17:14,AUDIO,77dB,80.0dB,SUSTAINED_NOISE
2024-02-06 12:19:00,AUDIO,77dB,80.0dB,SUSTAINED_NOISE
2024-02-06 12:19:13,AUDIO,75dB,80.0dB,SUSTAINED_NOISE
2024-02-06 12:19:14,AUDIO,77dB,80.0dB,SUSTAINED_NOISE
2024-02-06 12:19:14,ACCELEROMETER,1.7g,1.5g,MODERATE_BRAKING
2024-02-06 12:19:43,AUDIO,75dB,80.0dB,SUSTAINED_NOISE
2024-02-06 12:19:44,ACCELEROMETER,2.8g,2.5g,HARSH_ACCELERATION
2024-02-06 12:19:44,AUDIO,77dB,80.0dB,SUSTAINED_NOISE
2024-02-06 12:20:18,AUDIO,76dB,80.0dB,SUSTAINED_NOISE
2024-02-06 12:20:18,ACCELEROMETER,2.0g,1.5g,MODERATE_BRAKING
2024-02-06 12:20:26,ACCELEROMETER,4.2g,2.5g,HARSH_BRAKING
2024-02-06 12:20:48,ACCELEROMETER,1.9g,1.5g,MODERATE_BRAKING
2024-02-06 12:20:48,AUDIO,76dB,80.0dB,SUSTAINED_NOISE
2024-02-06 12:20:56,ACCELEROMETER,3.8g,2.5g,HARSH_BRAKING
2024-02-06 12:21:46,ACCELEROMETER,2.2g,1.5g,MODERATE_BRAKING
2024-02-06 12:21:46,AUDIO,56dB,80.0dB,SUSTAINED_NOISE
2024-02-06 12:22:16,ACCELEROMETER,3.0g,2.5g,HARSH_ACCELERATION
2024-02-06 12:22:16,AUDIO,56dB,80.0dB,SUSTAINED_NOISE
2024-02-06 12:22:28,ACCELEROMETER,1.6g,1.5g,MODERATE_BRAKING
2024-02-06 12:22:28,AUDIO,72dB,80.0dB,SUSTAINED_NOISE
2024-02-06 12:22:58,AUDIO,72dB,80.0dB,SUSTAINED_NOISE
2024-02-06 12:22:58,ACCELEROMETER,1.6g,1.5g,MODERATE_BRAKING
2024-02-06 12:27:35,ACCELEROMETER,1.7g,1.5g,MODERATE_BRAKING
2024-02-06 12:30:49,ACCELEROMETER,1.7g,1.5g,MODERATE_BRAKING
2024-02-06 12:31:19,ACCELEROMETER,1.6g,1.5g,MODERATE_BRAKING
2024-02-06 12:35:00,ACCELEROMETER,1.8g,1.5g,MODERATE_BRAKING
2024-02-06 12:35:11,ACCELEROMETER,2.3g,1.5g,MODERATE_BRAKING
2024-02-06 12:35:11,AUDIO,74dB,80.0dB,SUSTAINED_NOISE
2024-02-06 12:35:41,ACCELEROMETER,1.8g,1.5g,MODERATE_BRAKING
2024-02-06 12:37:11,ACCELEROMETER,2.1g,1.5g,MODERATE_BRAKING
2024-02-06 12:37:11,AUDIO,84dB,90.0dB,ARGUMENT_DETECTED
2024-02-06 12:37:41,AUDIO,84dB,90.0dB,ARGUMENT_DETECTED
2024-02-06 12:37:41,ACCELEROMETER,2.0g,1.5g,MODERATE_BRAKING
2024-02-06 12:38:09,ACCELEROMETER,2.9g,2.5g,HARSH_ACCELERATION
2024-02-06 12:38:43,ACCELEROMETER,1.5g,1.5g,MODERATE_BRAKING
2024-02-06 12:46:19,AUDIO,57dB,80.0dB,SUSTAINED_NOISE
2024-02-06 12:46:19,ACCELEROMETER,3.8g,2.5g,HARSH_ACCELERATION
2024-02-06 12:46:49,AUDIO,57dB,80.0dB,SUSTAINED_NOISE
2024-02-06 12:46:49,ACCELEROMETER,3.7g,2.5g,HARSH_BRAKING
2024-02-06 12:47:27,ACCELEROMETER,1.9g,1.5g,MODERATE_BRAKING
2024-02-06 12:47:44,AUDIO,74dB,80.0dB,SUSTAINED_NOISE
2024-02-06 12:47:57,ACCELEROMETER,1.8g,1.5g,MODERATE_BRAKING
2024-02-06 12:48:14,AUDIO,74dB,80.0dB,SUSTAINED_NOISE
2024-02-06 12:48:26,ACCELEROMETER,1.5g,1.5g,MODERATE_BRAKING
2024-02-06 12:54:53,AUDIO,82dB,90.0dB,ARGUMENT_DETECTED
2024-02-06 12:54:53,ACCELEROMETER,1.9g,1.5g,MODERATE_BRAKING
2024-02-06 12:55:23,ACCELEROMETER,1.8g,1.5g,MODERATE_BRAKING
2024-02-06 12:55:23,AUDIO,82dB,90.0dB,ARGUMENT_DETECTED
2024-02-06 13:00:49,AUDIO,58dB,80.0dB,SUSTAINED_NOISE
2024-02-06 13:01:19,AUDIO,58dB,80.0dB,SUSTAINED_NOISE
2024-02-06 13:02:00,ACCELEROMETER,1.7g,1.5g,MODERATE_BRAKING
2024-02-06 13:02:15,AUDIO,76dB,80.0dB,SUSTAINED_NOISE
2024-02-06 13:02:15,ACCELEROMETER,1.8g,1.5g,MODERATE_BRAKING
2024-02-06 13:02:45,AUDIO,76dB,80.0dB,SUSTAINED_NOISE
2024-02-06 13:02:45,ACCELEROMETER,4.3g,2.5g,HARSH_ACCELERATION
2024-02-06 13:16:22,ACCELEROMETER,1.8g,1.5g,MODERATE_BRAKING
2024-02-06 13:18:46,AUDIO,76dB,80.0dB,SUSTAINED_NOISE
2024-02-06 13:18:46,ACCELEROMETER,4.3g,2.5g,HARSH_ACCELERATION
2024-02-06 13:19:16,AUDIO,76dB,80.0dB,SUSTAINED_NOISE
2024-02-06 13:19:16,ACCELEROMETER,4.1g,2.5g,HARSH_BRAKING
2024-02-06 13:19:44,ACCELEROMETER,2.3g,1.5g,MODERATE_BRAKING
2024-02-06 13:19:44,AUDIO,78dB,80.0dB,SUSTAINED_NOISE
2024-02-06 13:20:14,AUDIO,78dB,80.0dB,SUSTAINED_NOISE
2024-02-06 13:20:14,ACCELEROMETER,3.0g,2.5g,HARSH_ACCELERATION
2024-02-06 13:21:00,ACCELEROMETER,1.9g,1.5g,MODERATE_BRAKING
2024-02-06 13:22:13,ACCELEROMETER,1.9g,1.5g,MODERATE_BRAKING
2024-02-06 13:22:43,ACCELEROMETER,2.3g,1.5g,MODERATE_BRAKING
2024-02-06 13:23:44,ACCELEROMETER,1.7g,1.5g,MODERATE_BRAKING
2024-02-06 13:27:29,ACCELEROMETER,1.7g,1.5g,MODERATE_BRAKING
2024-02-06 13:30:11,ACCELEROMETER,1.6g,1.5g,MODERATE_BRAKING
2024-02-06 13:33:19,ACCELEROMETER,1.6g,1.5g,MODERATE_BRAKING
2024-02-06 13:34:28,ACCELEROMETER,2.2g,1.5g,MODERATE_BRAKING
2024-02-06 13:34:28,AUDIO,82dB,80.0dB,SUSTAINED_NOISE
2024-02-06 13:34:58,AUDIO,82dB,80.0dB,SUSTAINED_NOISE
2024-02-06 13:34:58,ACCELEROMETER,2.0g,1.5g,MODERATE_BRAKING
2024-02-06 13:35:22,AUDIO,56dB,80.0dB,SUSTAINED_NOISE
2024-02-06 13:35:22,ACCELEROMETER,2.0g,1.5g,MODERATE_BRAKING
2024-02-06 13:35:52,ACCELEROMETER,1.9g,1.5g,MODERATE_BRAKING
2024-02-06 13:35:52,AUDIO,56dB,80.0dB,SUSTAINED_NOISE
2024-02-06 13:38:00,ACCELEROMETER,1.6g,1.5g,MODERATE_BRAKING
2024-02-06 13:38:27,ACCELEROMETER,2.0g,1.5g,MODERATE_BRAKING
2024-02-06 13:38:57,ACCELEROMETER,3.1g,2.5g,HARSH_ACCELERATION
2024-02-06 13:41:39,ACCELEROMETER,2.1g,1.5g,MODERATE_BRAKING
2024-02-06 13:42:09,ACCELEROMETER,1.9g,1.5g,MODERATE_BRAKING
2024-02-06 13:44:55,ACCELEROMETER,2.3g,1.5g,MODERATE_BRAKING
2024-02-06 13:44:55,AUDIO,78dB,80.0dB,SUSTAINED_NOISE
2024-02-06 13:45:25,ACCELEROMETER,1.9g,1.5g,MODERATE_BRAKING
2024-02-06 13:45:25,AUDIO,78dB,80.0dB,SUSTAINED_NOISE
2024-02-06 13:51:01,ACCELEROMETER,1.5g,1.5g,MODERATE_BRAKING
2024-02-06 13:53:02,ACCELEROMETER,1.9g,1.5g,MODERATE_BRAKING
2024-02-06 13:53:02,AUDIO,77dB,80.0dB,SUSTAINED_NOISE
2024-02-06 13:53:32,AUDIO,77dB,80.0dB,SUSTAINED_NOISE
2024-02-06 13:53:32,ACCELEROMETER,1.7g,1.5g,MODERATE_BRAKING
2024-02-06 13:56:28,ACCELEROMETER,3.3g,2.5g,HARSH_ACCELERATION
2024-02-06 14:03:57,AUDIO,55dB,80.0dB,SUSTAINED_NOISE
2024-02-06 14:03:57,ACCELEROMETER,4.3g,2.5g,HARSH_ACCELERATION
2024-02-06 14:04:27,AUDIO,55dB,80.0dB,SUSTAINED_NOISE
2024-02-06 14:04:27,ACCELEROMETER,4.2g,2.5g,HARSH_BRAKING
2024-02-06 14:12:33,AUDIO,82dB,90.0dB,ARGUMENT_DETECTED
2024-02-06 14:13:03,AUDIO,82dB,90.0dB,ARGUMENT_DETECTED
2024-02-06 14:15:52,AUDIO,73dB,80.0dB,SUSTAINED_NOISE
2024-02-06 14:16:22,AUDIO,73dB,80.0dB,SUSTAINED_NOISE
2024-02-06 14:19:00,ACCELEROMETER,1.9g,1.5g,MODERATE_BRAKING
2024-02-06 14:23:11,ACCELEROMETER,1.8g,1.5g,MODERATE_BRAKING
2024-02-06 14:23:11,AUDIO,73dB,80.0dB,SUSTAINED_NOISE
2024-02-06 14:23:41,ACCELEROMETER,1.6g,1.5g,MODERATE_BRAKING
2024-02-06 14:23:41,AUDIO,73dB,80.0dB,SUSTAINED_NOISE
2024-02-06 14:26:36,ACCELEROMETER,1.8g,1.5g,MODERATE_BRAKING
2024-02-06 14:27:06,ACCELEROMETER,3.0g,2.5g,HARSH_ACCELERATION
2024-02-06 14:29:04,ACCELEROMETER,2.3g,1.5g,MODERATE_BRAKING
2024-02-06 14:29:34,ACCELEROMETER,1.9g,1.5g,MODERATE_BRAKING
2024-02-06 14:37:09,ACCELEROMETER,1.8g,1.5g,MODERATE_BRAKING
2024-02-06 14:42:19,ACCELEROMETER,2.3g,1.5g,MODERATE_BRAKING
2024-02-06 14:42:19,AUDIO,59dB,80.0dB,SUSTAINED_NOISE
2024-02-06 14:42:49,ACCELEROMETER,2.2g,1.5g,MODERATE_BRAKING
2024-02-06 14:42:49,AUDIO,59dB,80.0dB,SUSTAINED_NOISE
2024-02-06 14:50:47,ACCELEROMETER,1.5g,1.5g,MODERATE_BRAKING
2024-02-06 14:56:16,ACCELEROMETER,1.8g,1.5g,MODERATE_BRAKING
2024-02-06 14:56:46,ACCELEROMETER,1.7g,1.5g,MODERATE_BRAKING
2024-02-06 14:57:35,ACCELEROMETER,1.9g,1.5g,MODERATE_BRAKING
2024-02-06 14:58:05,ACCELEROMETER,2.5g,2.5g,HARSH_ACCELERATION
2024-02-06 14:58:05,AUDIO,79dB,80.0dB,SUSTAINED_NOISE
2024-02-06 14:58:08,AUDIO,79dB,80.0dB,SUSTAINED_NOISE
2024-02-06 14:58:08,ACCELEROMETER,1.8g,1.5g,MODERATE_BRAKING
2024-02-06 15:02:56,AUDIO,57dB,80.0dB,SUSTAINED_NOISE
2024-02-06 15:02:56,ACCELEROMETER,1.6g,1.5g,MODERATE_BRAKING
2024-02-06 15:03:26,AUDIO,57dB,80.0dB,SUSTAINED_NOISE
2024-02-06 15:03:26,ACCELEROMETER,1.5g,1.5g,MODERATE_BRAKING
2024-02-06 15:04:00,AUDIO,59dB,80.0dB,SUSTAINED_NOISE
2024-02-06 15:04:00,ACCELEROMETER,3.1g,2.5g,HARSH_ACCELERATION
2024-02-06 15:04:19,AUDIO,59dB,80.0dB,SUSTAINED_NOISE
2024-02-06 15:04:19,ACCELEROMETER,4.2g,2.5g,HARSH_ACCELERATION
2024-02-06 15:04:49,AUDIO,59dB,80.0dB,SUSTAINED_NOISE
2024-02-06 15:04:49,ACCELEROMETER,4.0g,2.5g,HARSH_BRAKING
2024-02-06 15:21:30,AUDIO,78dB,80.0dB,SUSTAINED_NOISE
2024-02-06 15:22:00,AUDIO,78dB,80.0dB,SUSTAINED_NOISE
2024-02-06 15:22:35,ACCELEROMETER,1.7g,1.5g,MODERATE_BRAKING
2024-02-06 15:25:32,ACCELEROMETER,3.0g,2.5g,HARSH_ACCELERATION
2024-02-06 15:28:00,AUDIO,96dB,90.0dB,ARGUMENT_DETECTED
2024-02-06 15:28:10,AUDIO,96dB,90.0dB,ARGUMENT_DETECTED
2024-02-06 15:28:10,ACCELEROMETER,1.7g,1.5g,MODERATE_BRAKING
2024-02-06 15:28:40,AUDIO,96dB,90.0dB,ARGUMENT_DETECTED
2024-02-06 15:28:40,ACCELEROMETER,2.7g,2.5g,HARSH_ACCELERATION
2024-02-06 15:30:10,ACCELEROMETER,2.2g,1.5g,MODERATE_BRAKING
2024-02-06 15:30:40,ACCELEROMETER,2.1g,1.5g,MODERATE_BRAKING
2024-02-06 15:31:23,ACCELEROMETER,1.7g,1.5g,MODERATE_BRAKING
2024-02-06 15:31:53,ACCELEROMETER,1.5g,1.5g,MODERATE_BRAKING
2024-02-06 15:34:58,AUDIO,76dB,80.0dB,SUSTAINED_NOISE
2024-02-06 15:35:28,ACCELEROMETER,2.8g,2.5g,HARSH_ACCELERATION
2024-02-06 15:35:28,AUDIO,76dB,80.0dB,SUSTAINED_NOISE
2024-02-06 15:36:04,ACCELEROMETER,4.0g,2.5g,HARSH_ACCELERATION
2024-02-06 15:36:04,AUDIO,79dB,80.0dB,SUSTAINED_NOISE
2024-02-06 15:36:10,ACCELEROMETER,2.1g,1.5g,MODERATE_BRAKING
2024-02-06 15:36:10,AUDIO,74dB,80.0dB,SUSTAINED_NOISE
2024-02-06 15:36:34,AUDIO,79dB,80.0dB,SUSTAINED_NOISE
2024-02-06 15:36:34,ACCELEROMETER,4.0g,2.5g,HARSH_BRAKING
2024-02-06 15:36:40,AUDIO,74dB,80.0dB,SUSTAINED_NOISE
2024-02-06 15:36:40,ACCELEROMETER,1.8g,1.5g,MODERATE_BRAKING
2024-02-06 15:37:00,ACCELEROMETER,1.8g,1.5g,MODERATE_BRAKING
2024-02-06 15:40:00,ACCELEROMETER,1.8g,1.5g,MODERATE_BRAKING
2024-02-06 15:40:40,AUDIO,59dB,80.0dB,SUSTAINED_NOISE
2024-02-06 15:40:40,ACCELEROMETER,2.3g,1.5g,MODERATE_BRAKING
2024-02-06 15:41:10,AUDIO,59dB,80.0dB,SUSTAINED_NOISE
2024-02-06 15:41:10,ACCELEROMETER,2.1g,1.5g,MODERATE_BRAKING
2024-02-06 15:43:00,ACCELEROMETER,1.8g,1.5g,MODERATE_BRAKING
2024-02-06 15:43:56,AUDIO,73dB,80.0dB,SUSTAINED_NOISE
2024-02-06 15:43:56,ACCELEROMETER,2.4g,1.5g,MODERATE_BRAKING
2024-02-06 15:44:25,ACCELEROMETER,1.7g,1.5g,MODERATE_BRAKING
2024-02-06 15:44:26,ACCELEROMETER,2.2g,1.5g,MODERATE_BRAKING
2024-02-06 15:44:26,AUDIO,73dB,80.0dB,SUSTAINED_NOISE
2024-02-06 15:44:55,ACCELEROMETER,1.6g,1.5g,MODERATE_BRAKING
2024-02-06 15:46:03,ACCELEROMETER,3.3g,2.5g,HARSH_ACCELERATION
2024-02-06 15:52:07,ACCELEROMETER,1.7g,1.5g,MODERATE_BRAKING
2024-02-06 15:53:06,ACCELEROMETER,4.4g,2.5g,HARSH_ACCELERATION
2024-02-06 15:53:06,AUDIO,74dB,80.0dB,SUSTAINED_NOISE
2024-02-06 15:53:15,AUDIO,86dB,90.0dB,ARGUMENT_DETECTED
2024-02-06 15:53:15,ACCELEROMETER,2.6g,2.5g,HARSH_ACCELERATION
2024-02-06 15:53:29,ACCELEROMETER,3.0g,2.5g,HARSH_ACCELERATION
2024-02-06 15:53:36,ACCELEROMETER,4.2g,2.5g,HARSH_BRAKING
2024-02-06 15:53:36,AUDIO,74dB,80.0dB,SUSTAINED_NOISE
2024-02-06 15:53:45,ACCELEROMETER,1.9g,1.5g,MODERATE_BRAKING
2024-02-06 15:53:53,ACCELEROMETER,1.7g,1.5g,MODERATE_BRAKING
2024-02-06 15:56:46,AUDIO,77dB,80.0dB,SUSTAINED_NOISE
2024-02-06 15:56:46,ACCELEROMETER,2.1g,1.5g,MODERATE_BRAKING
2024-02-06 15:57:16,ACCELEROMETER,2.0g,1.5g,MODERATE_BRAKING
2024-02-06 15:57:16,AUDIO,77dB,80.0dB,SUSTAINED_NOISE
2024-02-06 16:10:00,ACCELEROMETER,1.9g,1.5g,MODERATE_BRAKING
2024-02-06 16:16:14,AUDIO,76dB,80.0dB,SUSTAINED_NOISE
2024-02-06 16:16:44,ACCELEROMETER,2.4g,1.5g,MODERATE_BRAKING
2024-02-06 16:16:44,AUDIO,76dB,80.0dB,SUSTAINED_NOISE
2024-02-06 16:21:51,AUDIO,87dB,90.0dB,ARGUMENT_DETECTED
2024-02-06 16:21:51,ACCELEROMETER,1.7g,1.5g,MODERATE_BRAKING
2024-02-06 16:22:21,AUDIO,87dB,90.0dB,ARGUMENT_DETECTED
2024-02-06 16:22:21,ACCELEROMETER,2.7g,2.5g,HARSH_ACCELERATION
2024-02-06 16:26:58,ACCELEROMETER,3.0g,2.5g,HARSH_ACCELERATION
2024-02-06 16:30:05,ACCELEROMETER,2.0g,1.5g,MODERATE_BRAKING
2024-02-06 16:30:05,AUDIO,78dB,80.0dB,SUSTAINED_NOISE
2024-02-06 16:30:35,ACCELEROMETER,1.7g,1.5g,MODERATE_BRAKING
2024-02-06 16:30:35,AUDIO,78dB,80.0dB,SUSTAINED_NOISE
2024-02-06 16:31:24,AUDIO,59dB,80.0dB,SUSTAINED_NOISE
2024-02-06 16:31:24,ACCELEROMETER,1.9g,1.5g,MODERATE_BRAKING
2024-02-06 16:31:54,ACCELEROMETER,1.5g,1.5g,MODERATE_BRAKING
2024-02-06 16:31:54,AUDIO,59dB,80.0dB,SUSTAINED_NOISE
2024-02-06 16:31:56,ACCELEROMETER,4.0g,2.5g,HARSH_ACCELERATION
2024-02-06 16:32:26,ACCELEROMETER,3.9g,2.5g,HARSH_BRAKING
2024-02-06 16:36:50,ACCELEROMETER,2.5g,1.5g,MODERATE_BRAKING
2024-02-06 16:41:00,ACCELEROMETER,1.8g,1.5g,MODERATE_BRAKING
2024-02-06 16:41:58,ACCELEROMETER,2.1g,1.5g,MODERATE_BRAKING
2024-02-06 16:41:58,AUDIO,76dB,80.0dB,SUSTAINED_NOISE
2024-02-06 16:42:28,AUDIO,76dB,80.0dB,SUSTAINED_NOISE
2024-02-06 16:42:28,ACCELEROMETER,1.8g,1.5g,MODERATE_BRAKING
2024-02-06 16:53:03,ACCELEROMETER,1.5g,1.5g,MODERATE_BRAKING
2024-02-06 16:54:51,AUDIO,73dB,80.0dB,SUSTAINED_NOISE
2024-02-06 16:54:51,ACCELEROMETER,1.7g,1.5g,MODERATE_BRAKING
2024-02-06 16:55:21,ACCELEROMETER,2.6g,2.5g,HARSH_ACCELERATION
2024-02-06 16:55:21,AUDIO,73dB,80.0dB,SUSTAINED_NOISE
2024-02-06 16:59:00,AUDIO,78dB,80.0dB,SUSTAINED_NOISE
2024-02-06 16:59:00,ACCELEROMETER,2.9g,2.5g,HARSH_ACCELERATION
2024-02-06 16:59:09,ACCELEROMETER,4.0g,2.5g,HARSH_ACCELERATION
2024-02-06 16:59:09,AUDIO,78dB,80.0dB,SUSTAINED_NOISE
2024-02-06 16:59:39,ACCELEROMETER,6.5g,2.5g,HARSH_ACCELERATION
2024-02-06 16:59:39,AUDIO,78dB,80.0dB,SUSTAINED_NOISE
2024-02-06 17:00:07,AUDIO,60dB,80.0dB,SUSTAINED_NOISE
2024-02-06 17:00:07,ACCELEROMETER,2.0g,1.5g,MODERATE_BRAKING
2024-02-06 17:00:37,ACCELEROMETER,3.3g,2.5g,HARSH_ACCELERATION
2024-02-06 17:00:37,AUDIO,60dB,80.0dB,SUSTAINED_NOISE
2024-02-06 17:02:57,AUDIO,81dB,80.0dB,SUSTAINED_NOISE
2024-02-06 17:02:57,ACCELEROMETER,2.0g,1.5g,MODERATE_BRAKING
2024-02-06 17:03:27,AUDIO,81dB,80.0dB,SUSTAINED_NOISE
2024-02-06 17:03:27,ACCELEROMETER,1.7g,1.5g,MODERATE_BRAKING
2024-02-06 17:07:27,ACCELEROMETER,2.6g,2.5g,HARSH_BRAKING
2024-02-06 17:07:57,ACCELEROMETER,2.1g,1.5g,MODERATE_BRAKING
2024-02-06 17:11:13,ACCELEROMETER,5.0g,2.5g,HARSH_BRAKING
2024-02-06 17:11:43,ACCELEROMETER,4.0g,2.5g,HARSH_BRAKING
2024-02-06 17:17:09,ACCELEROMETER,2.6g,2.5g,HARSH_ACCELERATION
2024-02-06 17:17:20,AUDIO,75dB,80.0dB,SUSTAINED_NOISE
2024-02-06 17:17:20,ACCELEROMETER,2.9g,2.5g,HARSH_ACCELERATION
2024-02-06 17:17:39,ACCELEROMETER,2.3g,1.5g,MODERATE_BRAKING
2024-02-06 17:17:39,AUDIO,75dB,80.0dB,SUSTAINED_NOISE
2024-02-06 17:17:50,AUDIO,75dB,80.0dB,SUSTAINED_NOISE
2024-02-06 17:18:36,ACCELEROMETER,1.7g,1.5g,MODERATE_BRAKING
2024-02-06 17:19:34,ACCELEROMETER,1.6g,1.5g,MODERATE_BRAKING
2024-02-06 17:20:13,ACCELEROMETER,1.9g,1.5g,MODERATE_BRAKING
2024-02-06 17:20:13,AUDIO,77dB,80.0dB,SUSTAINED_NOISE
2024-02-06 17:20:20,ACCELEROMETER,2.3g,1.5g,MODERATE_BRAKING
2024-02-06 17:21:32,ACCELEROMETER,1.7g,1.5g,MODERATE_BRAKING
2024-02-06 17:21:32,AUDIO,74dB,80.0dB,SUSTAINED_NOISE
2024-02-06 17:22:02,AUDIO,74dB,80.0dB,SUSTAINED_NOISE
2024-02-06 17:22:02,ACCELEROMETER,1.6g,1.5g,MODERATE_BRAKING
2024-02-06 17:22:09,AUDIO,80dB,80.0dB,SUSTAINED_NOISE
2024-02-06 17:22:09,ACCELEROMETER,2.0g,1.5g,MODERATE_BRAKING
2024-02-06 17:22:39,AUDIO,80dB,80.0dB,SUSTAINED_NOISE
2024-02-06 17:22:39,ACCELEROMETER,1.9g,1.5g,MODERATE_BRAKING
2024-02-06 17:22:58,ACCELEROMETER,1.8g,1.5g,MODERATE_BRAKING
2024-02-06 17:23:28,ACCELEROMETER,1.7g,1.5g,MODERATE_BRAKING
2024-02-06 17:25:00,ACCELEROMETER,1.9g,1.5g,MODERATE_BRAKING
2024-02-06 17:30:07,ACCELEROMETER,1.8g,1.5g,MODERATE_BRAKING
2024-02-06 17:31:14,ACCELEROMETER,2.3g,1.5g,MODERATE_BRAKING
2024-02-06 17:31:44,ACCELEROMETER,3.5g,2.5g,HARSH_ACCELERATION
2024-02-06 17:37:02,ACCELEROMETER,3.3g,2.5g,HARSH_ACCELERATION
2024-02-06 17:42:12,ACCELEROMETER,2.6g,2.5g,HARSH_BRAKING
2024-02-06 17:42:12,AUDIO,87dB,90.0dB,ARGUMENT_DETECTED
2024-02-06 17:42:13,ACCELEROMETER,3.2g,2.5g,HARSH_ACCELERATION
2024-02-06 17:42:42,ACCELEROMETER,2.3g,1.5g,MODERATE_BRAKING
2024-02-06 17:42:42,AUDIO,87dB,90.0dB,ARGUMENT_DETECTED
2024-02-06 17:43:26,ACCELEROMETER,4.1g,2.5g,HARSH_ACCELERATION
2024-02-06 17:43:56,ACCELEROMETER,4.0g,2.5g,HARSH_BRAKING
2024-02-06 17:44:27,ACCELEROMETER,2.9g,2.5g,HARSH_ACCELERATION
2024-02-06 17:45:05,ACCELEROMETER,4.3g,2.5g,HARSH_ACCELERATION
2024-02-06 17:45:35,ACCELEROMETER,4.1g,2.5g,HARSH_BRAKING
2024-02-06 17:47:55,ACCELEROMETER,3.9g,2.5g,HARSH_ACCELERATION
2024-02-06 17:48:25,ACCELEROMETER,4.8g,2.5g,HARSH_ACCELERATION
2024-02-06 17:49:12,ACCELEROMETER,3.1g,2.5g,HARSH_ACCELERATION
2024-02-06 17:52:13,AUDIO,77dB,80.0dB,SUSTAINED_NOISE
2024-02-06 17:52:43,AUDIO,77dB,80.0dB,SUSTAINED_NOISE
2024-02-06 17:54:29,ACCELEROMETER,3.0g,2.5g,HARSH_ACCELERATION
2024-02-06 17:54:45,ACCELEROMETER,2.7g,2.5g,HARSH_BRAKING
2024-02-06 17:54:45,AUDIO,85dB,90.0dB,ARGUMENT_DETECTED
2024-02-06 17:55:15,ACCELEROMETER,1.7g,1.5g,MODERATE_BRAKING
2024-02-06 17:55:15,AUDIO,85dB,90.0dB,ARGUMENT_DETECTED
2024-02-06 17:55:58,ACCELEROMETER,3.9g,2.5g,HARSH_ACCELERATION
2024-02-06 17:55:58,AUDIO,57dB,80.0dB,SUSTAINED_NOISE
2024-02-06 17:56:00,ACCELEROMETER,1.8g,1.5g,MODERATE_BRAKING
2024-02-06 17:56:28,ACCELEROMETER,6.5g,2.5g,HARSH_ACCELERATION
2024-02-06 17:56:28,AUDIO,57dB,80.0dB,SUSTAINED_NOISE
2024-02-06 17:57:21,ACCELEROMETER,1.8g,1.5g,MODERATE_BRAKING
2024-02-06 17:57:25,ACCELEROMETER,4.1g,2.5g,HARSH_ACCELERATION
2024-02-06 17:57:51,ACCELEROMETER,1.7g,1.5g,MODERATE_BRAKING
2024-02-06 17:57:55,ACCELEROMETER,4.0g,2.5g,HARSH_BRAKING
2024-02-06 18:04:30,ACCELEROMETER,4.9g,2.5g,HARSH_BRAKING
2024-02-06 18:05:00,ACCELEROMETER,3.9g,2.5g,HARSH_BRAKING
2024-02-06 18:16:00,ACCELEROMETER,1.8g,1.5g,MODERATE_BRAKING
2024-02-06 18:17:00,ACCELEROMETER,1.9g,1.5g,MODERATE_BRAKING
2024-02-06 18:31:00,ACCELEROMETER,1.8g,1.5g,MODERATE_BRAKING
2024-02-06 19:05:00,ACCELEROMETER,1.5g,1.5g,MODERATE_BRAKING
2024-02-06 19:15:00,ACCELEROMETER,2.5g,2.5g,HARSH_ACCELERATION
2024-02-06 19:22:00,AUDIO,86dB,90.0dB,ARGUMENT_DETECTED
2024-02-06 19:22:00,ACCELEROMETER,4.5g,2.5g,HARSH_ACCELERATION
2024-02-06 19:22:30,AUDIO,91dB,90.0dB,ARGUMENT_DETECTED
2024-02-06 19:22:30,ACCELEROMETER,7.6g,2.5g,HARSH_ACCELERATION
2024-02-06 19:23:00,AUDIO,94dB,90.0dB,ARGUMENT_DETECTED
2024-02-06 19:23:00,ACCELEROMETER,8.0g,2.5g,HARSH_ACCELERATION
2024-02-06 19:23:30,AUDIO,96dB,90.0dB,ARGUMENT_DETECTED
2024-02-06 19:23:30,ACCELEROMETER,6.7g,2.5g,HARSH_BRAKING
2024-02-06 19:24:00,ACCELEROMETER,3.6g,2.5g,HARSH_BRAKING
2024-02-06 19:24:00,AUDIO,93dB,90.0dB,ARGUMENT_DETECTED
2024-02-06 19:30:00,ACCELEROMETER,2.0g,1.5g,MODERATE_BRAKING
